productId,title,brand,lprice,image,link
81253183362,(25-43)남자 냉장고 바지 시원한 여름 밴딩 아이스 슬랙스 빅사이즈,,11800,https://shopping-phinf.pstatic.net/main_8125318/81253183362.1.jpg,https://shopping.naver.com/outlink/itemdetail/3708665557
87318240891,남성 냉장고바지 남자 여름바지 아이스 카고 쿨 여름 조거 팬츠,,18800,https://shopping-phinf.pstatic.net/main_8731824/87318240891.5.jpg,https://smartstore.naver.com/main/products/9773738618
46301696322,조르쥬레쉬 조르쥬 레쉬 에어 찰랑 팬츠 4종 24SUMMER,조르쥬레쉬,57080,https://shopping-phinf.pstatic.net/main_4630169/46301696322.20240411061509.jpg,https://search.shopping.naver.com/catalog/46301696322
84209228083,남자 냉장고바지 와이드 팬츠 여름 쿨 아이스 슬랙스,,16900,https://shopping-phinf.pstatic.net/main_8420922/84209228083.10.jpg,https://smartstore.naver.com/main/products/6664727761
82514419820,남자면바지 린넨바지 스판 밴딩 빅사이즈 치노 팬츠 9부 고무줄 편한 여름,,22800,https://shopping-phinf.pstatic.net/main_8251441/82514419820.3.jpg,https://smartstore.naver.com/main/products/4969899498
42859961068,여름버전추가3기장 로그 비조 벨트 투핀턱 롱 와이드 슬랙스,,26500,https://shopping-phinf.pstatic.net/main_4285996/42859961068.20240426033633.jpg,https://search.shopping.naver.com/catalog/42859961068
47506773389,여성 플리츠팬츠 냉장고바지 쿨링 여름 플리츠 주름 와이드팬츠,,18900,https://shopping-phinf.pstatic.net/main_4750677/47506773389.20240515000425.jpg,https://search.shopping.naver.com/catalog/47506773389
87079690637,원웨이 벌룬팬츠 남성 카고바지 남자 면바지 여름 팬츠,원웨이,19900,https://shopping-phinf.pstatic.net/main_8707969/87079690637.2.jpg,https://smartstore.naver.com/main/products/9535188367
47143803694,잭필드 남성 숨쉬는 바지 3종,잭필드,49010,https://shopping-phinf.pstatic.net/main_4714380/47143803694.20240427041441.jpg,https://search.shopping.naver.com/catalog/47143803694
47445092464,지베르니 썸머 쿨 팬츠 4종,,36913,https://shopping-phinf.pstatic.net/main_4744509/47445092464.20240606025759.jpg,https://search.shopping.naver.com/catalog/47445092464
46737748289,지오지아 세미 루즈핏 린넨 미라클 팬츠 ABC2PP1105,지오지아,20760,https://shopping-phinf.pstatic.net/main_4673774/46737748289.20240329201852.jpg,https://search.shopping.naver.com/catalog/46737748289
86006665071,[남녀공용] 남자 와이드팬츠 냉장고바지 여자 커플 여름바지,,16900,https://shopping-phinf.pstatic.net/main_8600666/86006665071.jpg,https://smartstore.naver.com/main/products/8462164748
47058779487,지오다노 여 여름 레이온 풀밴딩 팬츠 414540 LE1216730940,지오다노,31840,https://shopping-phinf.pstatic.net/main_4705877/47058779487.20240607021528.jpg,https://search.shopping.naver.com/catalog/47058779487
84489085687,남성냉장고바지 여름 남자 쿨 아이스 조거 여름용 작업팬츠 슬랙스 고무줄 빅사이즈 9부 반바지 편한 정장 냉동고,,5900,https://shopping-phinf.pstatic.net/main_8448908/84489085687.jpg,https://smartstore.naver.com/main/products/6944585365
46900996700,2기장 1 1 냉장고 일자 세미 와이드 여름 데일리 밴딩팬츠,,14900,https://shopping-phinf.pstatic.net/main_4690099/46900996700.20240406131517.jpg,https://search.shopping.naver.com/catalog/46900996700
47660893487,핫딜 순이들 썸머 바스락 카고 와이드 팬츠,,16500,https://shopping-phinf.pstatic.net/main_4766089/47660893487.20240512111803.jpg,https://search.shopping.naver.com/catalog/47660893487
85823768218,여름 배기 스판 밴딩 고무줄 무지 여성 린넨 바지,,15800,https://shopping-phinf.pstatic.net/main_8582376/85823768218.jpg,https://smartstore.naver.com/main/products/8279267895
45539426501,프로젝트엠 남성 나일론 밴딩 쇼츠 EPD2PH1300,프로젝트엠,11150,https://shopping-phinf.pstatic.net/main_4553942/45539426501.20240321091719.jpg,https://search.shopping.naver.com/catalog/45539426501
47508833246,인터메조 쿨맥스 라이크라 팬츠3종,,44090,https://shopping-phinf.pstatic.net/main_4750883/47508833246.20240504151013.jpg,https://search.shopping.naver.com/catalog/47508833246
45167721272,폴햄 남성 에어로쿨 테이퍼드핏 풀밴딩 슬랙스 PHD2PP1053,폴햄,14900,https://shopping-phinf.pstatic.net/main_4516772/45167721272.20240323021008.jpg,https://search.shopping.naver.com/catalog/45167721272
