,productId,title,brand,lprice,image,link
0,40655140276,남여공용 스투시 베이직 로고 <b>반팔티셔츠</b> BLACKWHITE -,스투시,34990,https://shopping-phinf.pstatic.net/main_4065514/40655140276.20240526074654.jpg,https://search.shopping.naver.com/catalog/40655140276
1,46139137391,지오다노 코튼 피케 폴로 <b>반팔 티셔츠</b> 013502,지오다노,11700,https://shopping-phinf.pstatic.net/main_4613913/46139137391.20240531124510.jpg,https://search.shopping.naver.com/catalog/46139137391
2,85701462677,무지티 남자 <b>반팔티</b> 17수 32수 오버핏 빅사이즈,프린트스타,5900,https://shopping-phinf.pstatic.net/main_8570146/85701462677.3.jpg,https://smartstore.naver.com/main/products/8156962354
3,86472451126,<b>반팔티</b> 무지티 남자 여름 기본 면 이너 라운드 빅사이즈 단체티,,4890,https://shopping-phinf.pstatic.net/main_8647245/86472451126.1.jpg,https://smartstore.naver.com/main/products/8927950803
4,38988916962,라코스테 남성 슬림핏 카라 <b>반팔 티셔츠</b> PH4012,라코스테,31030,https://shopping-phinf.pstatic.net/main_3898891/38988916962.20240314122523.jpg,https://search.shopping.naver.com/catalog/38988916962
5,84618944775,남자 <b>반팔티</b> 무지 티셔츠 17수 32수,프린트스타,5900,https://shopping-phinf.pstatic.net/main_8461894/84618944775.6.jpg,https://smartstore.naver.com/main/products/7074444453
6,46900319035,지프 남성 소로나 <b>반팔</b> 라운드 <b>티셔츠</b> 4종,지프,32900,https://shopping-phinf.pstatic.net/main_4690031/46900319035.20240406115242.jpg,https://search.shopping.naver.com/catalog/46900319035
7,83825153567,기능성 <b>반팔</b> 쿨<b>티셔츠</b> 남자 무지 쿨론 헬스 냉감 쿨링 운동 <b>티셔츠</b>,,5500,https://shopping-phinf.pstatic.net/main_8382515/83825153567.7.jpg,https://smartstore.naver.com/main/products/6280651078
8,87099744126,라코스테 <b>반팔티</b> 크루넥 베이직 라운드 여름 티셔츠,라코스테,34900,https://shopping-phinf.pstatic.net/main_8709974/87099744126.jpg,https://smartstore.naver.com/main/products/9555241856
9,47181793552,타미힐피거 커플 여름 PK <b>반팔</b> 카라티,타미힐피거,29580,https://shopping-phinf.pstatic.net/main_4718179/47181793552.20240419150824.jpg,https://search.shopping.naver.com/catalog/47181793552
10,44910813703,칼하트 K87 워크웨어 포켓 <b>반팔티셔츠</b>,칼하트,21900,https://shopping-phinf.pstatic.net/main_4491081/44910813703.20240524082825.jpg,https://search.shopping.naver.com/catalog/44910813703
11,82047079376,남자 오버핏 박스 반팔 여름 티셔츠 빅사이즈 <b>반팔티</b>,,19800,https://shopping-phinf.pstatic.net/main_8204707/82047079376.10.jpg,https://smartstore.naver.com/main/products/4502556456
12,31709924618,커버낫 쿨코튼 2-PACK 베츠 기본 <b>반팔 티셔츠</b>,커버낫,32520,https://shopping-phinf.pstatic.net/main_3170992/31709924618.20220410213528.jpg,https://search.shopping.naver.com/catalog/31709924618
13,85221485675,쿨티셔츠 냉감 기능성 라운드 <b>반팔티</b> 긴팔 남자 여름 남성 봄 스판 냉장고 반목 빅사이즈,산토초이,4700,https://shopping-phinf.pstatic.net/main_8522148/85221485675.5.jpg,https://smartstore.naver.com/main/products/7676985353
14,84146415087,(매장판) 아디다스 <b>반팔티</b> 기능성 쿨 <b>반팔 티셔츠</b>,아디다스,11000,https://shopping-phinf.pstatic.net/main_8414641/84146415087.6.jpg,https://smartstore.naver.com/main/products/6601914765
15,45171972049,탑텐 남성 쿨에어 코튼 <b>반팔 티</b> 오버핏 MSD2TS1001,탑텐,14870,https://shopping-phinf.pstatic.net/main_4517197/45171972049.20240318123751.jpg,https://search.shopping.naver.com/catalog/45171972049
16,43875890304,스투시 스투시 멜티드 플라워 돌리 월드투어 트라이브 키튼 아워레가시 피그먼트 <b>반팔 티셔츠</b>,스투시,33920,https://shopping-phinf.pstatic.net/main_4387589/43875890304.20231107145305.jpg,https://search.shopping.naver.com/catalog/43875890304
17,82425930806,메종키츠네 <b>반팔티</b> 카라티 더블 폭스헤드 칠랙스 핸드라이팅,메종키츠네,91000,https://shopping-phinf.pstatic.net/main_8242593/82425930806.11.jpg,https://smartstore.naver.com/main/products/4881407335
18,85724262986,폴로<b>반팔티</b> 폴로 랄프로렌 라운드 여름 티셔츠,폴로랄프로렌,25600,https://shopping-phinf.pstatic.net/main_8572426/85724262986.2.jpg,https://smartstore.naver.com/main/products/8179762663
19,87719064917,지오다노카라티 피케 폴로티 <b>반팔티셔츠</b> 014502,지오다노,16920,https://shopping-phinf.pstatic.net/main_8771906/87719064917.jpg,https://shopping.naver.com/outlink/itemdetail/10174561575
